UGS,Aesthetic value(%),Bequest value(%),Educational value(%),Entertainment value(%),Existence value(%),Experiential use(%),Heritage value(%),Physical use(%),Scientific value(%),Symbolic value(%)
Broward_Anne Kolb Nature Center,0.547537228,0.019473081,0.136311569,0.206185567,0.030927835,0.285223368,0.008018328,0.620847652,0.004581901,0.003436426
Broward_Boulevard Gardens Community Center,0,0,0,0.75,0,0.25,0,0,0,0
Broward_Brian Piccolo Sports Park & Velodrome,0.129213483,0,0.005617978,0.325842697,0.005617978,0.039325843,0,0.730337079,0,0
Broward_CB Smith Park,0.204678363,0.001461988,0.007309942,0.701754386,0.001461988,0.083333333,0,0.448830409,0.001461988,0
Broward_Central Broward Regional Park,0.15819209,0,0.011299435,0.333333333,0,0.062146893,0,0.542372881,0,0
Broward_Crystal Lake Sand Pine Scrub,0.275862069,0,0.103448276,0.172413793,0.034482759,0,0,0.689655172,0.034482759,0.034482759
Broward_Deerfield Highlands Nature Preserve,0.25,0,0,0.5,0,0,0,0.75,0,0
Broward_Deerfield Island Park,0.532110092,0.009174312,0.064220183,0.431192661,0.009174312,0.293577982,0.036697248,0.495412844,0,0
Broward_Easterlin Park,0.403225806,0,0.008064516,0.616935484,0.008064516,0.036290323,0.004032258,0.322580645,0,0.008064516
Broward_Everglades Holiday Park,0.666735837,0.01929861,0.204191741,0.533720689,0.011620668,0.637684167,0.013073252,0.069101473,0.007262918,0.000207512
Broward_Fern Forest Nature Center,0.4256,0.0064,0.0432,0.1328,0.0096,0.0848,0,0.6848,0,0.0032
Broward_Franklin Park,0.166666667,0,0,0.666666667,0,0,0,0.5,0,0
Broward_Helene Klein Pineland Preserve,0.416666667,0.027777778,0,0.305555556,0.027777778,0.055555556,0,0.666666667,0,0
Broward_Herman and Dorothy Shooster Nature Preserve,0.833333333,0,0.166666667,0.166666667,0,0,0,0.666666667,0,0
Broward_Highlands Scrub Natural Area,0.434782609,0,0.086956522,0.043478261,0.043478261,0.173913043,0.043478261,0.695652174,0.043478261,0
Broward_Hollywood North Beach Park,0.584615385,0,0.004615385,0.216923077,0.003076923,0.073846154,0.003076923,0.410769231,0.003076923,0
Broward_Kristin Jacobs Natural Area at Hillsboro Pineland,0.486486486,0,0.054054054,0.081081081,0,0.027027027,0.027027027,0.702702703,0.027027027,0
Broward_Lafayette Hart Park,0.2,0,0,1,0,0,0,0.4,0,0
Broward_Long Key Natural Area and Nature Center,0.543859649,0.00877193,0.135964912,0.228070175,0.004385965,0.078947368,0.021929825,0.521929825,0.004385965,0.00877193
Broward_Markham Park,0.203679369,0.00131406,0.003942181,0.700394218,0.003942181,0.047306176,0,0.542706965,0.002628121,0
Broward_Military Trail Nature Area,0,0,0,0,0,0,0,1,0,0
Broward_Miramar Pineland Natural Area,0.222222222,0,0.011695906,0.643274854,0.005847953,0.058479532,0,0.391812865,0,0
Broward_Pine Island Ridge Natural Area,0.315789474,0.01754386,0.01754386,0.210526316,0,0.070175439,0.01754386,0.543859649,0.01754386,0
Broward_Plantation Heritage Park,0.230496454,0.003546099,0.010638298,0.531914894,0,0.042553191,0,0.45035461,0,0
Broward_Quiet Waters Park,0.211081794,0,0.013192612,0.65171504,0.007915567,0.068601583,0.002638522,0.559366755,0,0.002638522
Broward_Reverend Samuel Delevoe Memorial Park,0.325,0,0,0.35,0,0.1,0,0.45,0,0
Broward_Roosevelt Gardens Park,0.153846154,0,0,0.384615385,0,0,0,0.538461538,0,0
Broward_Saw Palmetto Natural Area,0.6,0,0.1,0.1,0,0.1,0,0.6,0,0
Broward_Secret Woods Park,0.521008403,0.001680672,0.068907563,0.134453782,0.013445378,0.084033613,0.008403361,0.635294118,0.003361345,0.01512605
Broward_Sewell Lock,0.074074074,0,0.037037037,0.37037037,0,0.111111111,0.037037037,0.62962963,0,0
Broward_Snake Warriors Island,0.417218543,0.006622517,0.013245033,0.19205298,0.013245033,0.052980132,0.033112583,0.715231788,0.006622517,0.006622517
Broward_South Fork Canoe Launch,0,0,0,1,0,0,0,1,0,0
Broward_Sunview Park,0.066666667,0.066666667,0,0.4,0,0,0,0.733333333,0,0
Broward_Tall Cypress Natural Area,0.484848485,0.006060606,0.018181818,0.127272727,0.006060606,0.060606061,0.006060606,0.739393939,0,0.012121212
Broward_Topeekeegee Yugnee Park,0.335329341,0.00239521,0.001197605,0.583233533,0.001197605,0.068263473,0.001197605,0.628742515,0.001197605,0
Broward_Tradewinds Park,0.53,0.01,0.04,0.7,0.01,0.08,0,0.46,0.01,0
Broward_Tree Tops Park,0.42394822,0,0.004854369,0.469255663,0.009708738,0.111650485,0.004854369,0.627831715,0,0.004854369
Broward_Vista View Park,0.287356322,0.001642036,0.003284072,0.374384236,0.001642036,0.055829228,0,0.653530378,0.001642036,0.003284072
Broward_Washburn Park,0,0,0,0.333333333,0,0,0,1,0,0
Broward_West Lake Park,0.330241187,0.003710575,0.014842301,0.480519481,0.003710575,0.094619666,0.001855288,0.499072356,0.001855288,0
Broward_Woodmont Natural Area,0.363636364,0,0.015151515,0.181818182,0,0.03030303,0.015151515,0.742424242,0,0.015151515
Coconut Creek_Community Center and Fitness Center South,0.178571429,0,0,0.607142857,0,0,0,0.428571429,0,0
Coconut Creek_Cypress Park,0.25,0,0,0.7,0,0,0,0.2,0,0
Coconut Creek_George S. Gerber Memorial Park,0.09375,0,0,0.5625,0,0.03125,0,0.6875,0,0
Coconut Creek_Lakeside Park,0.047619048,0,0,0.80952381,0,0.095238095,0,0.333333333,0,0
Coconut Creek_Oak Trails Park,0.2,0,0,0.2,0,0,0.2,0.6,0,0
Coconut Creek_Recreation Complex and Fitness Center North,0.0625,0,0,0.3125,0,0,0,0.6875,0,0
Coconut Creek_Rowe Activity Center and Donaldson Park,0.222222222,0,0,0.777777778,0.111111111,0,0,0.666666667,0,0
Coconut Creek_Sabal Pines Park,0.19047619,0,0,0.380952381,0,0,0,0.714285714,0,0
Coconut Creek_Windmill Park and Dog Park,0.142857143,0,0.023809524,0.452380952,0,0.071428571,0,0.833333333,0,0
Coconut Creek_Winston Park Nature Trail,0.115384615,0.019230769,0,0.480769231,0,0.038461538,0,0.692307692,0,0
Cooper City_Bill Lips Sports Complex,0.125,0,0,0.125,0,0,0,0.75,0,0
Cooper City_Chase Park,0,0,0,1,0,0,0,0,0,0
Cooper City_Christie Schafale Park and Dog Park,0.127272727,0,0,0.636363636,0,0.036363636,0,0.6,0,0
Cooper City_Dawn Park,0,0,0,0.333333333,0,0,0,0.666666667,0,0
Cooper City_Diamond Head Park,1,0,0,0,0,0,0,1,0,0
Cooper City_Ellie Kozak Park,1,0,0,0,0,0,0,0,0,0
Cooper City_Flamingo Park,0,0,0,0.5,0,0,0,1,0,0
Cooper City_Flamingo West Park,0.153846154,0,0,0.346153846,0,0,0,0.769230769,0,0.038461538
Cooper City_Forest Lake Park,0.5,0,0,0.6,0,0,0,0.4,0,0
Cooper City_Jerry Morgan Park,0.4,0,0,0.2,0,0,0,0.4,0,0
Cooper City_Memorial Park,0.166666667,0,0,0.833333333,0,0,0,0.333333333,0,0
Cooper City_Natalie's Cove Park,0,0,0,0,0,0,0,1,0,0
Cooper City_Pine Lake Park,0,0,0,0.666666667,0,0,0,0.333333333,0,0
Cooper City_Pool & Tennis Center Park,0.233333333,0.033333333,0,0.233333333,0,0,0,0.8,0,0
Cooper City_Stirling Palm Park,0.333333333,0,0,0.666666667,0,0,0,0.333333333,0,0
Cooper City_Suellen H. Fardelmann Sports Complex,0.025641026,0,0,0.41025641,0,0.025641026,0,0.666666667,0,0
Cooper City_Tamarind Park,0.272727273,0,0,0.272727273,0,0.181818182,0,0.545454545,0,0
Cooper City_Ted Ferone Park,0.117647059,0,0,0.470588235,0,0.058823529,0,0.882352941,0,0
Coral Springs_Betti Stradling Park,0.074418605,0,0.004651163,0.679069767,0.004651163,0.023255814,0.004651163,0.48372093,0,0.004651163
Coral Springs_Castlewood Park,0,0,0,1,0,0,0,1,0,0
Coral Springs_Coral Springs Aquatic Complex,0.153846154,0.038461538,0.115384615,0.384615385,0,0.076923077,0,0.576923077,0,0
Coral Springs_Countrywood Park,0,0,0,0.666666667,0,0,0,0.333333333,0,0
Coral Springs_Cypress Hammock,0.083333333,0,0,0.291666667,0,0,0,0.708333333,0,0
Coral Springs_Cypress Park,0.212669683,0,0.004524887,0.312217195,0.004524887,0.049773756,0,0.669683258,0,0
Coral Springs_Dede Gilmore Memorial Park,0.333333333,0,0,0.333333333,0,0,0,1,0,0
Coral Springs_Eagle Ridge Park,0.125,0,0,0.875,0,0.125,0,1,0,0
Coral Springs_Fern Glen Park,0.068965517,0,0,0.413793103,0,0.068965517,0,0.793103448,0,0
Coral Springs_Forest Hills Park,0.095238095,0,0,0.571428571,0.047619048,0.047619048,0,0.666666667,0,0
Coral Springs_Forest Hills West Park,0.4,0,0,0.6,0,0,0,0.6,0,0
Coral Springs_Lakeview Park,0.3,0,0,0.1,0,0,0,0.8,0,0
Coral Springs_Lions Park,0,0,0.25,0.25,0,0.25,0,0.5,0,0
Coral Springs_Mullins Park,0.208791209,0,0,0.318681319,0,0.032967033,0,0.681318681,0,0
Coral Springs_North Community Park,0.125,0,0.017857143,0.303571429,0,0.071428571,0,0.785714286,0,0
Coral Springs_Orchid Park,0.25,0,0.027777778,0.25,0,0.027777778,0,0.722222222,0,0
Coral Springs_Paul Barre Memorial Park,0.444444444,0,0,0.222222222,0,0,0,0.333333333,0,0
Coral Springs_Paul Britton Park,0,0,0,1,0,0,0,0.25,0.25,0
Coral Springs_Poinciana Park,0,0,0,0.333333333,0,0,0,1,0,0
Coral Springs_Pride Promoters Park,0,0,0,0.333333333,0,0,0,1,0,0
Coral Springs_Ralph Diaz Memorial Park,0.306122449,0,0,0.204081633,0,0.020408163,0,0.734693878,0,0
Coral Springs_Riverside Park,0.112676056,0,0,0.492957746,0,0.014084507,0,0.676056338,0,0
Coral Springs_Sandy Ridge Sanctuary,0.357142857,0,0,0.357142857,0,0.035714286,0,0.571428571,0,0
Coral Springs_Sherwood Forest Park,0.255319149,0,0.021276596,0.531914894,0,0.042553191,0,0.659574468,0,0
Coral Springs_Sportsplex Athletic Complex,0.19047619,0,0,0.380952381,0,0.047619048,0,0.761904762,0,0
Coral Springs_Three Friends Park,0.48,0,0,0.2,0.02,0.1,0,0.5,0,0
Coral Springs_Three Mountains Natural Area,0.333333333,0,0,0.3125,0,0.041666667,0,0.5,0.020833333,0
Coral Springs_Turtle Run Park,0.125,0,0,0.583333333,0,0.083333333,0,0.708333333,0,0
Coral Springs_Village Green Park,0,0,0,1,0,0,0,0.666666667,0,0
Coral Springs_Westchester Park,0,0,0,0.2,0,0.6,0,0.2,0,0
Coral Springs_Windings Park,0.25,0,0,0.75,0,0,0,0.25,0,0
Dania Beach_Chester Byrd Park,0,0,0,0.571428571,0,0,0,0.714285714,0,0
Dania Beach_CW Thomas Park,0,0,0,0.285714286,0,0,0,0.714285714,0,0
Dania Beach_Dania Beach Marina,0.761904762,0,0,0,0,0.095238095,0,0.333333333,0,0
Dania Beach_Dania Cove Park,0.5,0,0,0.75,0,0,0,0.75,0.25,0
Dania Beach_Frank C. Tootie Adler Park,0.649122807,0.01754386,0,0.228070175,0,0.035087719,0,0.298245614,0,0
Dania Beach_Frost Park,0.164705882,0,0.011764706,0.458823529,0,0.047058824,0,0.541176471,0,0
Dania Beach_Griffin Marine Park,0,0,0,0.5,0,0,0,0.5,0,0
Dania Beach_I.T. Parker Center,0.428571429,0,0,0.285714286,0.142857143,0,0,0.142857143,0,0
Dania Beach_Linear Park,0,0,0.25,0,0,0,0,1,0,0
Dania Beach_Mildred V. Jones Park,0.428571429,0,0,0,0,0,0,0.428571429,0.142857143,0
Dania Beach_Ocean Park Beach,0.678571429,0,0.011904762,0.214285714,0,0.154761905,0,0.404761905,0,0
Dania Beach_Southwest Community Center,0,0,0,0,0,0,0,1,0,0
Dania Beach_Tigertail Lake Park,0.231958763,0,0.051546392,0.603092784,0,0.097938144,0.005154639,0.25257732,0,0
Dania Beach_Whiskey Creek Hideout,0.330232558,0,0.013953488,0.469767442,0,0.134883721,0.004651163,0.376744186,0,0
Davie_Bergeron Park,0.153846154,0,0,0.692307692,0,0.025641026,0,0.41025641,0,0
Davie_Berman Park,0,0,0,1,0,0,0,0,0,0
Davie_Betty Booth Roberts Park,0.142857143,0,0,0.392857143,0,0,0,0.714285714,0,0
Davie_Davie Pine Island Park,0.333333333,0,0,0.166666667,0,0,0,0.666666667,0,0
Davie_Driftwood Estates Park,0.227272727,0,0,0.454545455,0,0.045454545,0,0.5,0,0
Davie_East Davie Nature Park,0,0,0,0.647058824,0,0.058823529,0,0.764705882,0,0
Davie_Firefighters Park,0.111111111,0,0,0.666666667,0,0,0,0.444444444,0,0
Davie_Lange Park,0.333333333,0,0,0.333333333,0,0,0,0.5,0,0
Davie_Liberty Park,0,0,0,0.571428571,0,0.142857143,0,0.571428571,0,0
Davie_Math Igler Citrus Park,0.1875,0,0,0.9375,0,0,0,0.125,0,0
Davie_Oak Hill Equestrian Park,0.352941176,0,0,0.647058824,0,0.058823529,0,0.058823529,0,0
Davie_Orange Drive Linear Park,0.333333333,0,0,0.333333333,0,0.083333333,0,0.833333333,0,0
Davie_Owls Lookout Park,0.533333333,0.2,0,0.2,0,0.133333333,0,0.333333333,0,0
Davie_Peaceful Ridge Park,0.282608696,0,0,0.717391304,0,0.065217391,0,0.282608696,0,0
Davie_Potter Park,0,0,0,0.5,0,0,0,1,0,0
Davie_Reflections Park,0.214285714,0,0,0.535714286,0.035714286,0.071428571,0,0.607142857,0,0
Davie_Robbins Preserve,0.339506173,0,0.00617284,0.641975309,0.00617284,0.055555556,0,0.37654321,0,0.012345679
Davie_Shenandoah Park,0.126315789,0,0.010526316,0.610526316,0,0.052631579,0,0.484210526,0,0
Davie_Silver Lake Park,0.405405405,0.027027027,0,0.297297297,0,0.081081081,0,0.648648649,0,0
Davie_Sunny Lake Bird Sanctuary,0.421052632,0.052631579,0,0.263157895,0,0.105263158,0,0.578947368,0,0
Davie_The Park at Waverly,0.1,0,0,0.6,0,0,0,0.7,0,0
Davie_Veterans Park,0.333333333,0,0,0.361111111,0,0.166666667,0,0.472222222,0,0
Davie_Waterford Park,0.15,0,0,0.55,0,0,0,0.75,0.05,0
Davie_Wes Griffin Park,0.148148148,0,0,0.555555556,0,0.074074074,0,0.62962963,0,0
Davie_Westridge Park,0.454545455,0,0,0.272727273,0,0,0,0.636363636,0,0
Davie_Wolf Lake Park,0.43902439,0.00304878,0,0.268292683,0.009146341,0.079268293,0,0.582317073,0,0.012195122
Deerfield Beach_Ada Graham-Johnson Park,0.5,0,0,0.5,0,0,0,0,0,0
Deerfield Beach_Branhilda Richardson-Knowles Memorial Park,0,0,0,0,0,0,0.5,1,0,0
Deerfield Beach_Central Crystal Heights,0,0,0,0,0,0,0,1,0,0
Deerfield Beach_Constitution & Arboretum Park,0.507692308,0,0.023076923,0.361538462,0.011538462,0.096153846,0,0.607692308,0,0.011538462
Deerfield Beach_Cornerstone Park,0,0,0,1,0,0,0,0.333333333,0,0
Deerfield Beach_Hillsboro Community Center,0,0,0,0.5,0,0,0,0.25,0.25,0
Deerfield Beach_Kirk Cottrell Pavilion,0.5,0,0,0.25,0,0.25,0,0.5,0,0
Deerfield Beach_Mayo Howard Park,0,0,0,0.473684211,0,0.052631579,0,0.736842105,0,0
Deerfield Beach_North Crystal Heights,0,0,0,0,0,0,0,1,0,0
Deerfield Beach_Oveta McKeithen Recreational Complex,0,0,0,0.75,0,0,0,0.25,0,0
Deerfield Beach_Pastor Willie James Ford Sr. Linear Park,0,0,0,0,0,0,0,1,0,0
Deerfield Beach_Pioneer Park,0.137254902,0,0,0.37254902,0,0.098039216,0.009803922,0.607843137,0,0
Deerfield Beach_Sullivan Park,0.310679612,0,0,0.631067961,0,0.121359223,0,0.27184466,0,0.009708738
Deerfield Beach_Teen Center,0,0,0,0.5,0,0,0,0.5,0,0
Deerfield Beach_Tivoli Sand Pines Preserve,0.5,0,0,0.5,0,0,0,1,0,0
Deerfield Beach_Trailhead Park,0.666666667,0,0,0.333333333,0,0,0,0.333333333,0,0
Deerfield Beach_Villages of Hillsboro Park,0.142857143,0,0,0.595238095,0,0.095238095,0,0.69047619,0,0
Fort Lauderdale_Ann Herman Park,0,0,0,0.428571429,0,0.285714286,0,0.857142857,0,0
Fort Lauderdale_Annie Beck Park,0.5,0,0,0.342105263,0,0.131578947,0,0.263157895,0,0
Fort Lauderdale_Bass Park,0.285714286,0,0.142857143,0.285714286,0,0,0,0.285714286,0,0
Fort Lauderdale_Bayview Park,0.2,0.04,0,0.6,0.04,0.08,0,0.56,0,0
Fort Lauderdale_Beach Community Center,0.125,0,0,0.375,0,0.125,0,0.375,0,0
Fort Lauderdale_Benenson Park,0,0,0,0,0,0,0,1,0,0
Fort Lauderdale_Bill Keith Preserve,0.358974359,0,0.025641026,0.282051282,0.025641026,0.179487179,0,0.358974359,0,0
Fort Lauderdale_Bryant Peney Park,0,0,0,0.866666667,0.066666667,0.066666667,0,0.066666667,0,0
Fort Lauderdale_Bubier Park,0.324324324,0,0,0.252252252,0,0.108108108,0.018018018,0.513513514,0,0
Fort Lauderdale_Carter Park-Sunland Park,0.106557377,0,0.016393443,0.262295082,0.016393443,0.098360656,0,0.68852459,0,0
Fort Lauderdale_Cliff Lake Park,0.714285714,0,0,0,0,0.142857143,0,0.571428571,0,0
Fort Lauderdale_Colee Hammock Park,0.630573248,0,0.006369427,0.286624204,0.006369427,0.146496815,0.01910828,0.184713376,0,0.012738854
Fort Lauderdale_Coontie Hatchee Park,0.357142857,0.017857143,0,0.607142857,0,0.071428571,0,0.375,0,0
Fort Lauderdale_D.C. Alexander Park,0.55,0,0,0.2,0,0.1,0,0.3,0,0
Fort Lauderdale_Dottie Mancini Park,0.045454545,0,0,0.681818182,0,0.045454545,0,0.545454545,0,0
Fort Lauderdale_Earl Lifshey Park,0.683673469,0.010204082,0.010204082,0.102040816,0,0.071428571,0.020408163,0.255102041,0,0
Fort Lauderdale_Esplanade Park,0.405286344,0,0.026431718,0.211453744,0,0.118942731,0.013215859,0.440528634,0,0.004405286
Fort Lauderdale_Esterre Davis Wright Park,0.2,0,0,0.4,0,0,0,0.6,0,0
Fort Lauderdale_Flamingo Park,0.333333333,0,0,0.333333333,0,0,0,1,0,0
Fort Lauderdale_Florence C. Hardy Park,0.117021277,0,0.010638298,0.617021277,0,0.063829787,0,0.5,0,0
Fort Lauderdale_Floyd Hull Stadium,0.166666667,0,0,0.333333333,0,0,0,0.666666667,0,0
Fort Lauderdale_Fort Lauderdale Beach Park,0.637071651,0.004672897,0.003115265,0.286604361,0.004672897,0.137071651,0.00623053,0.528037383,0.00623053,0.001557632
Fort Lauderdale_George English Park,0.240740741,0,0,0.361111111,0,0.083333333,0,0.611111111,0,0
Fort Lauderdale_Gore Betz Park,0,0,0,0.666666667,0,0.166666667,0,0.583333333,0,0
Fort Lauderdale_Harbordale Park,0.25,0,0,0.625,0,0.125,0.0625,0.375,0,0
Fort Lauderdale_Holiday Park,0.141891892,0.003378378,0.013513514,0.540540541,0.003378378,0.070945946,0,0.591216216,0,0
Fort Lauderdale_Hortt Park,0.307692308,0,0,0.538461538,0,0.076923077,0,0.538461538,0,0
Fort Lauderdale_Idlewyld Park-Merle Fogg Park,0,0,0,1,0,1,0,0,0,0
Fort Lauderdale_Las Olas Oceanside Park,0.489361702,0.021276596,0,0.319148936,0.021276596,0.14893617,0,0.255319149,0,0
Fort Lauderdale_Lauderdale Manors Park,0.285714286,0,0,0.142857143,0,0.142857143,0,0.714285714,0,0
Fort Lauderdale_Lewis Landing Park,0.516129032,0.032258065,0.032258065,0.290322581,0,0.193548387,0,0.193548387,0,0
Fort Lauderdale_Lincoln Park,0,0,0,0.5,0,0,0,0.666666667,0,0
Fort Lauderdale_Loggerhead Park,0.701754386,0.00877193,0,0.219298246,0.00877193,0.061403509,0,0.201754386,0,0
Fort Lauderdale_Lu Deaner Park,1,0,0,1,0,0,0,0,0,0
Fort Lauderdale_Mangurian Park-Coral Ridge Country Club,0.208333333,0.041666667,0,0.458333333,0,0,0,0.25,0.041666667,0
Fort Lauderdale_Middle River Terrace Park,0.227272727,0,0.045454545,0.363636364,0,0.045454545,0.045454545,0.590909091,0,0
Fort Lauderdale_Mills Pond Park,0.206896552,0,0,0.137931034,0,0.206896552,0,0.482758621,0.034482759,0
Fort Lauderdale_Northfork Riverfront Park,0.714285714,0,0,0.142857143,0,0,0,0.285714286,0,0
Fort Lauderdale_Osswald Park,0.08974359,0,0.025641026,0.346153846,0,0.064102564,0.012820513,0.628205128,0,0
Fort Lauderdale_Palm Aire Village Park,0.142857143,0,0,0.285714286,0,0,0,0.857142857,0,0
Fort Lauderdale_Peter Feldman Park,0.222222222,0,0,0.666666667,0,0,0,0.333333333,0,0
Fort Lauderdale_Riverland Park,0.132075472,0,0.018867925,0.471698113,0,0.018867925,0,0.622641509,0,0
Fort Lauderdale_Riverland Preserve,0.285714286,0,0,0,0,0.142857143,0,0.857142857,0,0
Fort Lauderdale_Riverland Woods Park,0.2,0,0,0.4,0,0.066666667,0,0.666666667,0,0
Fort Lauderdale_Sailboat Bend Preserve,0.25,0.125,0,0.375,0,0,0,0.75,0.125,0
Fort Lauderdale_Smoker Park,0.5,0,0.035714286,0.285714286,0,0.071428571,0,0.392857143,0,0
Fort Lauderdale_Snyder Park,0.255533199,0.002012072,0.004024145,0.676056338,0.004024145,0.058350101,0.002012072,0.327967807,0,0.006036217
Fort Lauderdale_South Intracoastal Park,0.379310345,0,0,0.448275862,0,0.034482759,0,0.24137931,0,0
Fort Lauderdale_South Middle River Park,0.333333333,0,0,0.666666667,0,0,0,0.333333333,0,0
Fort Lauderdale_Stranahan Park,0.285714286,0,0,0.142857143,0,0.142857143,0,0.571428571,0,0
Fort Lauderdale_Sunset School Park,0,0,0,0,0,0,0,1,0,0
Fort Lauderdale_SW 5th Ct and SW 12th Ave Park,0.083333333,0,0,0.333333333,0,0.166666667,0,0.75,0,0
Fort Lauderdale_Townsend Park,0.333333333,0,0,0.666666667,0,0,0,0.333333333,0,0
Fort Lauderdale_Twin Lakes North Park,0.666666667,0,0,0.333333333,0,0,0,0,0,0
Fort Lauderdale_Victoria Park,0.6,0,0,0.4,0,0.1,0,0.3,0,0
Fort Lauderdale_Vista Park,0.725,0,0,0.075,0,0.075,0,0.25,0,0
Fort Lauderdale_Warfield Park,0.2,0,0.1,0.6,0.1,0,0.1,0.6,0,0
Fort Lauderdale_Willingham Park,1,0,0,0,0,0,0.5,0,0,0
Hallandale Beach_B.F. James Park and Pool,0.192307692,0,0.038461538,0.384615385,0,0,0,0.692307692,0,0
Hallandale Beach_Curci House-Historical Village,0.333333333,0,0,0,0,0.333333333,0.333333333,0,0,0
Hallandale Beach_Foster Park & Plaza,0.428571429,0,0,0.428571429,0,0.142857143,0,0.571428571,0,0
Hallandale Beach_Ingalls Park,0.258064516,0,0,0.338709677,0,0.112903226,0,0.548387097,0,0
Hallandale Beach_Joseph Scavo Park,0.158730159,0,0.007936508,0.611111111,0,0.03968254,0,0.595238095,0,0
Hallandale Beach_OB Johnson Park,0.157894737,0,0.157894737,0.210526316,0,0.105263158,0,0.578947368,0,0
Hallandale Beach_South City Beach Park,0.612244898,0,0.005102041,0.346938776,0,0.081632653,0,0.183673469,0,0.005102041
Hallandale Beach_Sunset Park,0.1,0,0,0.8,0,0.1,0,0.2,0,0
Hollywood_Bicentennial Park,0.380952381,0,0,0.333333333,0,0.047619048,0,0.571428571,0,0
Hollywood_Charles F. Vollman Park,0.473684211,0,0,0.210526316,0,0.052631579,0,0.526315789,0,0
Hollywood_Charnow Park-Historical Paddleball Courts,0.426666667,0,0,0.315555556,0,0.057777778,0.008888889,0.4,0,0
Hollywood_Fletcher Street Park,0,0,0,0.666666667,0,0,0,0.333333333,0,0
Hollywood_Harry Berry Park,0.62,0.01,0,0.28,0,0.08,0,0.17,0,0
Hollywood_Holland Park,0.426470588,0.004901961,0,0.31372549,0.009803922,0.161764706,0,0.553921569,0,0.009803922
Hollywood_Hollywood West Skate Park,0.428571429,0,0,0.428571429,0,0,0,0.428571429,0,0
Hollywood_Jefferson Park,0.085714286,0,0,0.276190476,0,0.038095238,0.00952381,0.80952381,0,0
Hollywood_Joe DiMaggio Park,0.5,0,0,0.642857143,0,0,0,0.357142857,0,0
Hollywood_John Williams Park-Sheridan Oak Forest,0.289719626,0,0.009345794,0.61682243,0.004672897,0.03271028,0,0.523364486,0,0
Hollywood_Keating Park,0.826923077,0,0,0.076923077,0,0.096153846,0,0.115384615,0,0
Hollywood_Lincoln Park,0.136363636,0,0,0.5,0.045454545,0.045454545,0,0.681818182,0,0
Hollywood_Montella Park,0.111111111,0,0,0.555555556,0,0.027777778,0,0.527777778,0,0
Hollywood_Oak Lake Park,0.433333333,0,0.016666667,0.383333333,0,0.033333333,0,0.466666667,0,0
Hollywood_Oakridge Park & Dog Park,0.15625,0.03125,0,0.75,0,0,0,0.5,0,0
Hollywood_Poinciana Park & Poinciana Dog Park,0.169014085,0,0,0.76056338,0,0.042253521,0,0.309859155,0,0
Hollywood_Rotary Park,0.170731707,0,0.024390244,0.390243902,0,0.048780488,0,0.487804878,0,0
Hollywood_Zinkil Park,0.148648649,0,0,0.445945946,0,0.027027027,0,0.689189189,0,0
Lauderdale by the Sea_El Prado Park,0.608040201,0,0,0.120603015,0.005025126,0.180904523,0,0.236180905,0,0
Lauderdale by the Sea_Friedt Park,0.304347826,0,0,0.652173913,0,0,0,0.608695652,0,0
Lauderdale Lakes_Vincent Torres Memorial Park,0.1,0,0,0.4,0,0.1,0,0.7,0,0
"Lauderdale Lakes_Willie L. Webb, Sr. Park",0,0,0,1,0,0,0,0.5,0,0
Lauderhill_Herbert Sadkin Community Center,0.142857143,0,0,0.428571429,0,0,0,0.428571429,0,0
Lauderhill_Ilene Lieberman Botanical Gardens,0.294117647,0,0,0.352941176,0,0.058823529,0,0.470588235,0,0
Lauderhill_Jackie Gleason Park,0.060606061,0,0,0.575757576,0,0.060606061,0,0.666666667,0,0
Lauderhill_James D. Bradley Jr. Park,0,0,0,0.5,0,0,0,0.5,0,0
Lauderhill_John E. Mullin Park & The Lauderhill Aquatic Center,0.25,0,0,0.5,0,0,0,0.75,0,0
Lauderhill_Lauderhill Sports Park,0.076923077,0,0.025641026,0.102564103,0,0.051282051,0,0.794871795,0,0
Lauderhill_Maye Frances Brooks Jenkins Park,0,0,0,0.5,0,0,0,0.5,0,0
Lauderhill_Ruth Rothkopf Park,0,0,0,1,0,0,0,0.5,0,0
Lauderhill_St. George Community Park,0.166666667,0,0,0.666666667,0,0.166666667,0,0.833333333,0,0
Lauderhill_Veterans Park,0.090909091,0,0,0.363636364,0,0.090909091,0,0.772727273,0,0
Lauderhill_Waterford Park,0.35,0.075,0.05,0.3,0.025,0.05,0,0.525,0,0.05
Lauderhill_West Ken Lark Park,0.222222222,0,0,0.222222222,0,0,0,0.666666667,0,0
Lauderhill_Westwind Park,0.169811321,0,0,0.264150943,0,0.018867925,0,0.79245283,0,0
Lauderhill_Wolk Park,0.333333333,0,0,0.166666667,0,0,0,0.5,0,0
Lighthouse Point_Dan Witt Park,0.194444444,0,0,0.583333333,0,0,0,0.555555556,0,0
Lighthouse Point_De Groff Park,0.322580645,0,0,0.483870968,0,0.096774194,0,0.387096774,0,0
Lighthouse Point_Frank McDonough Park,0.043478261,0,0,0.695652174,0,0.043478261,0,0.652173913,0,0
Margate_Centennial Park,0,0,0,1,0,0.5,0,0.5,0,0
Margate_Coral Gate Park,0.044444444,0,0,0.533333333,0,0,0,0.688888889,0,0.022222222
Margate_David Park,0,0,0,0.928571429,0,0.071428571,0,0.071428571,0,0
Margate_Firefighters Park,0.108597285,0,0,0.533936652,0,0.027149321,0,0.683257919,0,0
Margate_Kaye Stevens Park,0.642857143,0,0,0.142857143,0,0.214285714,0,0.214285714,0,0
Margate_Margate Sports Complex,0.222222222,0,0,0.592592593,0,0.037037037,0,0.37037037,0,0
Margate_Serino Park,0.235294118,0,0,0.352941176,0,0.058823529,0,0.588235294,0,0
Margate_Southeast Park,0.136363636,0,0,0.409090909,0,0,0,0.727272727,0,0
Margate_Southgate Park,0.0625,0,0,0.625,0,0,0,0.625,0,0
Margate_Veterans Memorial Park,0.136363636,0.045454545,0.090909091,0.318181818,0,0.090909091,0,0.590909091,0,0
Margate_Vinson Park,0.2,0,0,0.8,0,0,0,0.6,0,0
Margate_Winfield Park,0.222222222,0,0,0.444444444,0,0.148148148,0,0.666666667,0,0
Miramar_19th Street Park,0.5,0,0,0.5,0,0.5,0,0.5,0,0
Miramar_Ansin Sports Complex,0.03125,0,0,0.53125,0,0.09375,0,0.625,0,0
Miramar_Beauty Park,1,0,0,0,0,0,0,0,0,0
Miramar_Beekman Park,0.5,0,0,0.25,0,0,0,0.75,0,0
Miramar_Bernard Park,0,0,0,1,0,0,0,0,0,0
Miramar_Civic Center Park,0,0,0,0.5,0,0.5,0,0.5,0,0
Miramar_Fairway Park,0,0,0,0.272727273,0,0.090909091,0,0.909090909,0,0
Miramar_Flamingo Estates Park,0.285714286,0,0,0.428571429,0,0,0,0.571428571,0,0
Miramar_Forzano Field,0.033333333,0,0,0.166666667,0,0.033333333,0,0.8,0,0
Miramar_Historic Miramar Aquatic Complex,0.078947368,0,0.078947368,0.421052632,0,0.026315789,0,0.552631579,0,0
Miramar_Lakeshore Park,0.083333333,0,0.041666667,0.291666667,0,0,0,0.791666667,0,0
Miramar_Miramar Regional Park,0.167381974,0,0.004291845,0.519313305,0.004291845,0.042918455,0,0.510729614,0,0
Miramar_Monarch Lakes Park,0.25,0,0,0.3125,0,0,0,0.6875,0,0
Miramar_Perry Park-Wellman Field,0,0,0,0.333333333,0,0,0,0.666666667,0,0
Miramar_River Run Park,0.180851064,0,0,0.319148936,0,0.042553191,0,0.755319149,0,0
Miramar_Sawyer Park,0.25,0,0,0.875,0,0.125,0,0.125,0,0
Miramar_Sheraton Park,0,0,0,0,0,0,0,1,0,0
Miramar_Shirley Branca Park,0.2,0,0,0.6,0,0,0,0.6,0,0
Miramar_Silver Lakes Tennis Complex,0.111111111,0,0.111111111,0.222222222,0,0,0,1,0,0
Miramar_Silver Shores Park,0.09375,0,0,0.375,0,0,0,0.84375,0,0
Miramar_Veteran's Memorial Park,0,0,0,0.5,0,0,0,0.5,0,0
Miramar_Vizcaya Park,0.151515152,0,0,0.484848485,0,0.060606061,0,0.53030303,0,0
North Lauderdale_Bicentennial Park,0.666666667,0,0,0,0,0,0,0.333333333,0,0
North Lauderdale_Broadview Community Park,0,0,0,0.75,0,0,0,0.75,0,0
North Lauderdale_Hampton Pines Park,0.235087719,0.003508772,0,0.357894737,0.007017544,0.10877193,0,0.698245614,0.003508772,0
North Lauderdale_TOT Park,0.5,0,0,0.166666667,0,0,0,0.5,0,0
Oakland Park_Cherry Creek Park,0.666666667,0,0,0.333333333,0,0,0,0.75,0,0
Oakland Park_Dr. Carter G. Woodson Park,0,0,0,0,0,0,0,1,0,0
Oakland Park_Jaco Pastorius Park,0.15,0.05,0,0.35,0.05,0.2,0,0.5,0,0
Oakland Park_Lakeside Sand Pine Preserve,0.555555556,0.111111111,0.111111111,0.222222222,0,0,0,0.666666667,0,0
Oakland Park_Stunson Nature Trail,0.25,0,0.083333333,0.166666667,0,0,0,0.75,0,0
Oakland Park_Veterans Park,0.457627119,0,0.016949153,0.338983051,0,0.06779661,0.016949153,0.491525424,0,0
Oakland Park_Wimberly Fields Park,0.260869565,0,0,0.47826087,0,0.086956522,0,0.565217391,0,0
Parkland_Barkland Dog Park,0.177570093,0,0.018691589,0.869158879,0,0.074766355,0,0.140186916,0,0
Parkland_Covered Bridge Park,0.375,0,0,0.25,0,0.125,0,0.6875,0,0
Parkland_Doris Davis Forman Wilderness Preserve,0.3,0,0,0.2,0,0.1,0.1,0.6,0,0
Parkland_Equestrian Center at Temple Park,0.111111111,0,0,0.444444444,0,0.222222222,0,0.333333333,0,0
Parkland_John H. Quigley Park - Parkland Tennis Center,0.142857143,0,0.142857143,0.285714286,0,0,0,0.571428571,0,0
Parkland_Liberty Park,0.131147541,0,0.008196721,0.852459016,0.008196721,0.032786885,0,0.131147541,0,0
Parkland_Pine Trails Park,0.150537634,0.010752688,0,0.602150538,0.010752688,0.032258065,0,0.440860215,0,0
Parkland_Six Acre Woods Park,0.25,0,0,0.25,0,0.166666667,0,0.75,0,0
Parkland_Terramar Park,0.177966102,0,0,0.423728814,0,0.059322034,0.008474576,0.711864407,0,0
Pembroke Park_Raymond P. Olgesby Preserve-Pembroke Park Preserve,0.163636364,0,0,0.218181818,0,0.018181818,0,0.854545455,0,0
Pembroke Pines_Ashley Hale Park,0.428571429,0,0,0.285714286,0,0.142857143,0,0.285714286,0,0
Pembroke Pines_Ben Fiorendino Park,0.526315789,0,0,0.210526316,0,0.131578947,0.026315789,0.342105263,0,0
Pembroke Pines_Chapel Trail Nature Preserve,0.556962025,0.006329114,0.037974684,0.120253165,0.012658228,0.056962025,0,0.64556962,0.006329114,0.012658228
Pembroke Pines_Chapel Trail Park,0.105263158,0,0,0.105263158,0,0,0,0.894736842,0,0
Pembroke Pines_Cinnamon Place,0.19047619,0,0,0.380952381,0,0.047619048,0,0.666666667,0,0
Pembroke Pines_Craig Rupp K-9 Dog Park,0.121212121,0.007575758,0,0.78030303,0,0.090909091,0,0.121212121,0,0.007575758
Pembroke Pines_Flamingo Park,0.25,0.083333333,0,0.333333333,0,0.083333333,0,0.333333333,0,0
Pembroke Pines_Fletcher Park,0,0,0,0.833333333,0,0.166666667,0,0.333333333,0,0
Pembroke Pines_Jack McCluskey Rainbow Park,0.083333333,0,0,0.25,0,0,0,0.75,0,0
Pembroke Pines_Memorial Park,0.142857143,0,0,1,0,0,0,0.285714286,0,0
Pembroke Pines_Pasadena Park,0.25,0,0,0.75,0,0,0,0,0,0
Pembroke Pines_Paul J. Maxwell Park,0.125,0,0,0.5,0,0.041666667,0,0.75,0,0
Pembroke Pines_Pembroke Lakes Golf and Tennis Center,0.240740741,0.018518519,0,0.703703704,0,0.018518519,0,0.111111111,0,0
Pembroke Pines_Pines Recreation Center,0,0,0,0.25,0,0.25,0,0.5,0,0
Pembroke Pines_Rose G. Price Park,0.0625,0,0.03125,0.34375,0,0.03125,0,0.71875,0,0
Pembroke Pines_Silver Lakes Park South,0.1,0,0,0.5,0,0,0,0.7,0,0
Pembroke Pines_Spring Valley Park,0.25,0,0,1,0,0,0,0.75,0,0
Pembroke Pines_Steven L. Josias Dog and Equestrian Park,0.2,0,0,0.714285714,0.028571429,0.085714286,0,0.142857143,0,0
Pembroke Pines_Tanglewood Park,0.307692308,0.076923077,0,0.538461538,0.076923077,0.076923077,0,0.846153846,0,0
Pembroke Pines_Towngate Park,0,0,0,0.333333333,0,0,0,0.777777778,0,0
Pembroke Pines_Walnut Creek Park,0,0,0,0.375,0,0,0,0.625,0,0
Pembroke Pines_West Pines Soccer Park and Preserve,0.125,0,0,0.125,0,0.083333333,0,0.791666667,0,0
Pembroke Pines_William B. Armstrong Dream Park,0.352941176,0,0,0.294117647,0,0,0,0.647058824,0,0
Plantation_Country Club Park,0.142857143,0,0,0.285714286,0,0.142857143,0,0.428571429,0,0
Plantation_Deicke Park,0.228571429,0,0,0.285714286,0.028571429,0.057142857,0,0.885714286,0,0
Plantation_Fig Tree Park,0.30952381,0,0,0.642857143,0,0.047619048,0,0.428571429,0,0
Plantation_Hoffman Park,1,0,0,1,0,0,1,1,0,0
Plantation_Jacaranda Lakes Park,0.333333333,0,0,0.571428571,0,0.047619048,0,0.666666667,0.047619048,0
Plantation_Jack Carter Harmony Park,0,0,0,0,0,0,0,1,0,0
Plantation_Jim Ward Park,0.135135135,0,0.027027027,0.297297297,0,0.027027027,0,0.675675676,0,0
Plantation_Marcano Estates Park,1,0,0,0,0,0,0,0,0,0
Plantation_Mirror Lake Park,0.285714286,0,0,0.285714286,0,0.142857143,0,0.285714286,0,0
Plantation_PAL Park-Roy Salmon Stadium,0,0,0,0.333333333,0,0,0,0.666666667,0,0
Plantation_Park East Park,0.666666667,0,0,0.333333333,0,0.333333333,0,0.666666667,0,0
Plantation_Pine Island Park,0.088888889,0,0,0.422222222,0,0,0,0.733333333,0,0
Plantation_Plantation Central Park,0.149606299,0,0.002624672,0.296587927,0,0.034120735,0,0.748031496,0,0
Plantation_Plantation Preserve Park & Linear Trail,0.428571429,0,0.285714286,0.714285714,0.142857143,0,0,0.714285714,0.142857143,0
Plantation_Plantation Woods-Kennedy Park,0.197740113,0.011299435,0.005649718,0.807909605,0,0.050847458,0,0.192090395,0.005649718,0
Plantation_Pop Travers Park,0.111111111,0,0,0.222222222,0,0.111111111,0,0.777777778,0,0
Plantation_Rae Carole Armstrong Liberty Tree Park,0.294117647,0,0,0.444444444,0,0.130718954,0,0.640522876,0,0
Plantation_Seminole Park,0.294117647,0.058823529,0,0.705882353,0,0,0,0.705882353,0,0
Plantation_Sunset Park,0.113207547,0.018867925,0,0.264150943,0,0.056603774,0,0.660377358,0,0
Plantation_Tara Park,0.25,0,0,0.5,0,0,0,0.75,0,0
Plantation_Volunteer Park,0.205555556,0,0,0.511111111,0.005555556,0.061111111,0,0.616666667,0.005555556,0
Pompano Beach_Annie Adderly Gillis Park,0,0,0,0.333333333,0,0.333333333,0,1,0,0
Pompano Beach_Bill Keith Park,0.571428571,0,0,0.142857143,0,0,0,0.285714286,0,0
Pompano Beach_Canine Corner Dog Park,0.183098592,0,0.014084507,0.774647887,0,0.056338028,0,0.169014085,0,0
Pompano Beach_Exchange Club Park,0.384615385,0,0.038461538,0.307692308,0,0.038461538,0,0.346153846,0,0
Pompano Beach_Founders Park,0.2,0,0,0,0,0,0,0.8,0,0
Pompano Beach_Harbor's Edge Park,0.260504202,0,0.008403361,0.621848739,0.008403361,0.092436975,0,0.487394958,0,0
Pompano Beach_Highlands Park,0.294117647,0,0,0.411764706,0,0,0,0.294117647,0,0
Pompano Beach_Hillsboro Inlet Park,0.75,0,0,0.25,0,0,0,0.25,0,0
Pompano Beach_Hunters Manor Park,0,0,0,0.411764706,0.058823529,0.058823529,0,0.705882353,0,0
Pompano Beach_Indian Mound Park,0.464285714,0,0.071428571,0.375,0,0.125,0.125,0.303571429,0.053571429,0
Pompano Beach_McNab Park,0,0,0.1,0.1,0,0.1,0,0.9,0,0
Pompano Beach_McNair Park & Recreation Center,0,0,0,0,0,0.2,0,0.8,0,0
Pompano Beach_Mitchell Moore Park-Westside Park,0.142857143,0,0.035714286,0.428571429,0,0,0.035714286,0.535714286,0,0
Pompano Beach_North Ocean Park,0.630136986,0,0,0.287671233,0,0.068493151,0,0.287671233,0,0
Pompano Beach_North Pompano Park,0.461538462,0,0,0.153846154,0,0.076923077,0,0.769230769,0,0
Pompano Beach_Sand and Spurs Equestrian Park,0.5,0,0,0.5,0,0.25,0,0.5,0,0
Pompano Beach_Sgt. Chris Reyka Memorial Park,1,0,0,0,0,0,0,0,0,0
Southwest Ranches_Rolling Oaks Park,0,0,0,0.333333333,0,0.666666667,0,0.666666667,0,0
Southwest Ranches_Sunshine Ranches Equestrian Park,0.19047619,0,0,0.761904762,0,0,0,0.285714286,0,0
Sunrise_City Park,0.093023256,0,0,0.488372093,0,0.023255814,0,0.790697674,0,0
Sunrise_Cypress Preserve Park,0.203883495,0,0.009708738,0.398058252,0,0.038834951,0,0.669902913,0,0
Sunrise_Flamingo Park,0.11,0,0.01,0.45,0,0.01,0,0.68,0,0
Sunrise_Flamingo Road Linear Park,0,0,0,0.333333333,0,0,0,0.666666667,0,0
Sunrise_Lakeside Park,0.5,0,0,0,0,0,0,1,0,0
Sunrise_Nob Hill Soccer Club Park,0.172413793,0,0,0.379310345,0,0,0,0.551724138,0,0
Sunrise_Oak Hammock-Passive Park,0.295857988,0.00591716,0.023668639,0.366863905,0,0.047337278,0,0.627218935,0,0.00591716
Sunrise_Oscar Wind Park,0.325,0,0,0.4,0,0.1,0,0.625,0,0
Sunrise_Sawgrass Sanctuary Park,0.541666667,0,0,0.166666667,0,0.041666667,0,0.625,0,0
Sunrise_Shotgun Road Linear Park,0,0,0,0,0,0,0,1,0,0
Sunrise_Sunrise Athletic Complex,0.084745763,0,0.016949153,0.474576271,0,0.050847458,0,0.677966102,0,0
Sunrise_Sunrise Sportsplex,0.24,0,0,0.2,0,0,0,0.68,0,0
Sunrise_Sunrise Tennis Club,0.142857143,0,0.047619048,0.095238095,0,0.142857143,0,0.904761905,0,0
Sunrise_Welleby Park,0.147679325,0,0,0.658227848,0.004219409,0.046413502,0,0.459915612,0,0
Tamarac_Caporella Aquatic Center,0.095238095,0,0,0.595238095,0,0.047619048,0,0.333333333,0,0
Tamarac_Caporella Park,0.355932203,0,0,0.491525424,0,0.06779661,0,0.576271186,0,0
Tamarac_Mainlands Park,0.1,0,0,0.3,0,0,0,0.8,0,0
Tamarac_Sunset Point Park,0.198113208,0,0,0.641509434,0,0.08490566,0,0.405660377,0,0
Tamarac_Swim Central Annex Park,0,0,0,1,0,0,0,0,0,0
Tamarac_Tamarac Recreation Center,0.142857143,0,0,0.285714286,0,0.142857143,0,0.571428571,0,0
Tamarac_Tamarac Sports Complex,0.095238095,0,0.015873016,0.420634921,0.007936508,0.031746032,0.007936508,0.666666667,0.007936508,0
Tamarac_Tamarac Veterans Park-Dog Park,0.217948718,0.012820513,0,0.525641026,0,0.08974359,0.025641026,0.474358974,0,0
Tamarac_Tephford Park,0.196078431,0.019607843,0,0.37254902,0.019607843,0.098039216,0,0.705882353,0,0
Tamarac_Waters Edge Park,0.109756098,0,0,0.743902439,0,0.048780488,0,0.512195122,0,0
West Park_Mary Saunders Park,0,0,0,0.615384615,0,0,0,0.538461538,0,0
West Park_McTyre Park,0.181818182,0,0,0.5,0,0,0,0.545454545,0,0
West Park_Water Tower Park,0,0,0,1,0,0,0,0.5,0,0
Weston_Bonaventure Park,0,0,0,0.714285714,0,0,0,0.714285714,0,0
Weston_Eagle Point Park,0.4,0,0,0.6,0,0,0.2,0.8,0,0
Weston_Emerald Estates Park,0.27173913,0,0.02173913,0.608695652,0,0,0.010869565,0.641304348,0.02173913,0
Weston_Gator Run Park,0.352941176,0,0,0.647058824,0,0.029411765,0,0.264705882,0,0
Weston_Heron Park,0,0,0,0,0,0,0,0.833333333,0.166666667,0
Weston_Indian Trace Park,0.043478261,0,0,0.652173913,0,0,0,0.652173913,0,0
Weston_Library Park,0.24,0,0.2,0.08,0,0.16,0.08,0.52,0,0
Weston_Peace Mound Park,0.402843602,0,0.033175355,0.417061611,0,0.085308057,0.014218009,0.597156398,0.004739336,0
Weston_Regional Park,0.129251701,0.006802721,0.013605442,0.258503401,0,0.013605442,0,0.693877551,0,0
Weston_Tequestra Trace Park,0.086206897,0,0,0.413793103,0,0.034482759,0,0.637931034,0,0
Weston_Vista Park,0.098039216,0,0,0.411764706,0,0.019607843,0,0.647058824,0,0
Weston_Windmill Ranch Park,0,0,0,0.5,0,0,0,0.5,0,0
Wilton Manors_Colohatchee Park,0.221311475,0.008196721,0,0.672131148,0,0.024590164,0.008196721,0.43442623,0.008196721,0
Wilton Manors_Donn Eisele Park,0,0,0,0.25,0,0.25,0,1,0,0
Wilton Manors_Hagen Park,0.1,0,0,0.3,0.066666667,0.033333333,0,0.7,0,0
Wilton Manors_Island City Park Preserve,0.45,0,0,0.4,0,0.1,0,0.6,0.05,0
Wilton Manors_M.E. DePalma Park,0.833333333,0,0.166666667,0,0,0,0,0.166666667,0,0
Wilton Manors_Mickel Park,0.152777778,0,0,0.625,0,0.055555556,0,0.527777778,0,0
Wilton Manors_Richardson Historic Park and Nature Preserve,0.379746835,0,0.012658228,0.493670886,0,0.075949367,0.050632911,0.569620253,0,0.025316456
